tenure,monthly_charges,contract,payment_method,churn
1,29.85,month-to-month,electronic-check,yes
34,56.95,one-year,mailed-check,no
2,53.85,month-to-month,electronic-check,yes
45,42.30,two-year,bank-transfer,no
8,70.70,month-to-month,credit-card,yes
22,89.10,one-year,credit-card,no
10,29.75,month-to-month,mailed-check,no
62,85.20,two-year,bank-transfer,no
13,49.95,month-to-month,electronic-check,yes
3,59.90,month-to-month,credit-card,yes
71,24.80,two-year,bank-transfer,no
18,64.50,one-year,electronic-check,no
,79.20,month-to-month,electronic-check,yes
55,,two-year,credit-card,no
6,95.10,month-to-month,mailed-check,yes
29,38.40,one-year,bank-transfer,no
41,66.25,two-year,credit-card,no
4,74.60,month-to-month,electronic-check,yes
36,52.10,one-year,mailed-check,no
15,82.35,,electronic-check,yes
67,31.90,two-year,bank-transfer,no
9,61.45,month-to-month,credit-card,yes
48,47.80,one-year,mailed-check,no
25,68.70,month-to-month,electronic-check,yes