size_sqft,bedrooms,age_years,neighborhood,price
850,2,18,west,245000
1100,2,12,north,310000
1250,3,9,east,365000
1500,3,14,west,420000
1750,3,6,north,495000
1920,4,11,east,535000
2100,4,5,west,610000
2300,4,8,north,655000
980,2,22,east,275000
1350,3,17,west,375000
1600,3,4,north,465000
1850,4,13,east,510000
2050,4,7,west,595000
2450,5,3,north,720000
1180,2,16,east,330000
1680,3,10,west,470000
1980,4,19,north,550000
2250,4,2,east,675000
1420,3,21,west,390000
2180,4,15,north,625000
,3,8,east,440000
1550,,12,west,430000
1880,4,9,,525000
2380,5,6,north,700000