petal_length_cm,petal_width_cm,flower_class
1.8,0.3,Flower A
2.0,0.5,Flower A
2.4,0.7,Flower A
2.7,0.6,Flower A
3.0,0.9,Flower A
3.3,0.8,Flower A
3.6,1.0,Flower A
4.0,0.7,Flower A
4.2,1.1,Flower A
4.4,0.9,Flower A
4.7,1.2,Flower A
5.0,0.8,Flower A
5.2,1.1,Flower A
5.5,0.9,Flower A
5.8,1.3,Flower A
6.0,0.8,Flower A
6.2,1.0,Flower A
6.4,1.2,Flower A
6.7,0.9,Flower A
6.9,1.3,Flower A
1.4,1.5,Flower B
1.7,1.8,Flower B
2.1,2.0,Flower B
2.4,1.7,Flower B
2.8,2.2,Flower B
3.1,1.9,Flower B
3.4,2.4,Flower B
3.7,2.1,Flower B
4.0,1.8,Flower B
4.3,2.3,Flower B
4.6,1.6,Flower B
4.9,2.4,Flower B
5.2,1.8,Flower B
5.5,2.2,Flower B
5.8,1.7,Flower B
6.1,2.5,Flower B
6.4,1.9,Flower B
6.7,2.3,Flower B
3.9,1.4,Flower B
5.0,1.5,Flower B
