listing_id,area_sqft,bedrooms,bathrooms,property_age,parking,neighborhood,price_usd
H001,680,1,1,42,0,Central,218000
H002,940,2,1,28,1,North,296000
H003,1120,2,2,18,1,West,358000
H004,1450,3,2,12,2,South,472000
H005,1710,3,2,8,2,West,548000
H006,1980,4,3,5,2,North,672000
H007,760,1,1,35,0,South,242000
H008,1030,2,1,22,1,Central,329000
H009,1260,3,2,16,1,East,401000
H010,1540,3,2,10,2,West,509000
H011,1840,4,3,7,2,North,618000
H012,2150,4,3,4,2,South,729000
H013,820,2,1,31,1,East,268000
H014,1080,2,2,20,1,Central,348000
H015,1340,3,2,14,2,South,432000
H016,1630,3,2,9,2,West,534000
H017,1920,4,3,6,2,East,649000
H018,2280,5,3,3,2,North,776000
H019,720,1,1,39,0,West,231000
H020,990,2,1,25,1,South,312000
H021,1190,2,2,19,1,Central,379000
H022,1490,3,2,11,2,East,491000
H023,1780,3,2,8,2,North,587000
H024,2070,4,3,5,2,West,702000
H025,790,1,1,33,0,East,251000
H026,1010,2,1,23,1,North,321000
H027,1310,3,2,15,1,West,420000
H028,1580,3,2,10,2,South,522000
H029,1880,4,3,7,2,Central,635000
H030,2200,4,3,4,2,East,748000
H031,860,2,1,29,1,South,279000
H032,1140,2,2,18,1,West,365000
H033,1400,3,2,13,2,North,455000
H034,1680,3,2,9,2,East,551000
H035,2010,4,3,6,2,Central,684000
H036,2350,5,3,3,2,South,812000
H037,900,2,1,27,1,East,289000
H038,1230,3,2,17,1,North,393000
H039,1510,3,2,11,2,Central,498000
H040,1810,4,3,7,2,West,606000
H041,2060,4,3,5,2,East,698000
H042,950,2,1,26,1,South,305000
H043,1290,3,2,16,1,Central,413000
H044,1570,3,2,10,2,North,518000
H045,1900,4,3,6,2,South,642000
H046,2250,5,3,4,2,West,765000
H047,1030,,1,24,1,North,326000
H048,1370,3,,14,2,East,441000
H049,,4,3,6,2,Central,661000
H050,1740,3,2,8,,West,565000
H051,950,2,1,26,1,South,305000
H052,1490,3,2,11,2,East,