customer_id,tenure_months,monthly_charge,contract_months,support_tickets_90d,payment_delay_days,data_usage_gb,region,churn
C001,3,92,1,4,7,41,North,Yes
C002,34,68,24,0,0,23,West,No
C003,8,87,1,3,5,36,South,Yes
C004,45,72,24,1,0,28,East,No
C005,5,96,1,5,9,48,West,Yes
C006,29,64,12,1,1,20,North,No
C007,11,83,1,2,4,33,South,Yes
C008,52,59,24,0,0,18,East,No
C009,6,91,1,4,6,45,North,Yes
C010,39,74,24,1,0,29,West,No
C011,14,78,1,3,3,31,South,Yes
C012,31,67,12,0,0,24,East,No
C013,4,99,1,5,8,52,North,Yes
C014,48,62,24,1,0,19,West,No
C015,9,89,1,4,5,39,South,Yes
C016,27,71,12,1,1,26,East,No
C017,13,81,1,2,4,35,North,Yes
C018,42,65,24,0,0,21,West,No
C019,7,94,1,4,7,47,South,Yes
C020,36,70,24,1,0,27,East,No
C021,16,76,1,3,2,30,North,Yes
C022,54,61,24,0,0,17,West,No
C023,2,102,1,6,11,58,South,Yes
C024,33,66,12,1,1,22,East,No
C025,10,85,1,3,4,38,North,Yes
C026,47,73,24,0,0,25,West,No
C027,12,88,1,4,6,43,South,Yes
C028,25,63,12,1,0,20,East,No
C029,5,97,1,5,9,50,North,Yes
C030,40,69,24,0,0,23,West,No
C031,17,79,1,2,3,32,South,Yes
C032,56,58,24,0,0,16,East,No
C033,8,90,1,4,5,40,North,Yes
C034,30,74,12,1,0,28,West,No
C035,6,95,1,5,8,49,South,Yes
C036,44,64,24,0,0,19,East,No
C037,15,82,1,3,3,34,North,Yes
C038,37,67,12,1,1,22,West,No
C039,9,93,1,4,6,46,South,Yes
C040,32,71,24,0,0,26,East,No
C012,31,67,12,0,0,24,East,No
C041,21,,12,1,0,31,North,No
C042,8,89,1,,5,37,South,Yes
C043,18,77,1,2,3,,West,Yes
C044,28,66,24,0,0,20,,No
C045,7,91,1,4,6,42,South,
C046,24,74,12,1,0,27,North,No