x,y,size,density
-3.2,2.1,12.4,0.91
-2.8,1.7,11.1,0.88
-3.5,2.5,13.2,0.93
-2.9,1.9,11.8,0.89
-3.1,2.3,12.0,0.90
-2.6,1.5,10.5,0.85
-3.4,2.2,12.9,0.92
-3.0,2.0,12.1,0.90
-2.7,1.8,11.3,0.87
-3.3,2.4,12.7,0.91
-3.6,2.6,13.5,0.94
-2.5,1.4,10.2,0.84
-3.8,2.8,14.0,0.95
-2.4,1.3,9.9,0.82
-3.7,2.7,13.8,0.95
-3.0,2.1,12.0,0.90
-2.8,1.9,11.5,0.88
-3.2,2.3,12.5,0.91
-3.1,2.0,12.2,0.90
-2.9,1.8,11.7,0.89
-2.6,1.6,10.7,0.86
-3.4,2.4,13.0,0.92
-3.5,2.5,13.4,0.93
-2.7,1.7,11.1,0.87
-3.3,2.2,12.8,0.91
-3.9,2.9,14.3,0.96
-2.3,1.2,9.5,0.81
-3.7,2.8,13.9,0.95
-3.0,2.2,12.1,0.90
-2.8,1.8,11.4,0.88
3.5,7.2,22.1,1.45
4.0,7.8,23.5,1.50
3.2,6.9,21.5,1.42
4.3,8.1,24.3,1.54
3.7,7.5,22.8,1.47
4.1,7.9,23.8,1.51
3.4,7.1,21.9,1.44
4.4,8.3,24.7,1.56
3.6,7.3,22.4,1.46
4.2,8.0,24.1,1.53
3.8,7.6,23.1,1.48
4.5,8.5,25.0,1.58
3.1,6.8,21.2,1.41
4.6,8.7,25.4,1.60
3.3,7.0,21.7,1.43
4.7,8.8,25.7,1.61
3.9,7.7,23.4,1.49
4.0,8.0,23.7,1.51
3.5,7.3,22.2,1.45
4.1,8.1,24.0,1.52
3.2,7.0,21.6,1.42
4.3,8.2,24.4,1.54
3.7,7.6,22.9,1.47
4.4,8.4,24.8,1.57
3.6,7.4,22.5,1.46
4.2,8.1,24.2,1.53
3.4,7.2,22.0,1.44
4.5,8.6,25.2,1.59
3.8,7.7,23.2,1.49
4.6,8.8,25.5,1.60
0.1,-4.5,5.2,0.41
0.5,-4.0,5.9,0.45
-0.2,-4.8,4.8,0.38
0.8,-3.7,6.4,0.49
-0.5,-5.1,4.3,0.34
0.3,-4.3,5.5,0.43
-0.1,-4.6,5.1,0.40
0.6,-4.1,6.1,0.47
-0.3,-4.9,4.6,0.37
0.9,-3.6,6.6,0.50
0.2,-4.4,5.3,0.42
0.7,-4.2,6.3,0.48
-0.4,-5.0,4.4,0.35
1.0,-3.5,6.8,0.52
-0.6,-5.2,4.1,0.33
1.1,-3.4,7.0,0.53
0.4,-4.1,5.7,0.44
0.0,-4.7,5.0,0.39
-0.2,-4.7,4.9,0.38
0.5,-4.2,5.8,0.45
0.3,-4.4,5.5,0.43
0.8,-3.8,6.4,0.49
-0.5,-5.0,4.3,0.34
1.0,-3.6,6.7,0.51
0.1,-4.6,5.2,0.41
0.6,-4.0,6.1,0.47
-0.3,-4.8,4.6,0.37
0.9,-3.7,6.5,0.50
0.2,-4.5,5.3,0.42
0.7,-4.1,6.2,0.48
