CustomerID,Annual_Income_k,Spending_Score,Age,Num_Purchases
1,15,39,19,12
2,15,81,21,22
3,16,6,20,4
4,16,77,23,18
5,17,40,31,10
6,17,76,22,20
7,18,6,35,3
8,18,94,23,25
9,19,3,64,2
10,19,72,30,19
11,19,14,67,5
12,19,99,35,28
13,20,15,58,6
14,20,77,24,21
15,20,13,37,4
16,20,79,22,23
17,21,35,35,9
18,21,66,20,17
19,23,29,52,8
20,23,98,35,30
21,24,35,35,9
22,24,73,25,20
23,25,5,46,2
24,25,73,31,21
25,28,14,54,4
26,28,82,29,24
27,28,32,45,9
28,28,61,31,17
29,29,31,43,8
30,29,87,23,26
31,30,4,60,1
32,30,73,21,22
33,33,4,53,1
34,33,92,18,28
35,33,14,49,4
36,33,81,21,24
37,34,17,66,5
38,34,73,48,20
39,37,26,42,7
40,37,75,22,22
41,38,35,59,9
42,38,92,26,28
43,39,36,53,10
44,39,61,30,17
45,39,28,56,7
46,40,65,29,18
47,40,55,34,14
48,40,47,37,13
49,42,42,32,12
50,42,52,33,14
51,43,54,34,15
52,43,60,19,17
53,43,45,70,12
54,43,41,29,11
55,44,50,37,14
56,44,46,20,13
57,46,51,39,14
58,46,46,40,13
59,46,56,23,15
60,46,55,31,15
61,47,52,43,14
62,47,59,24,17
63,48,51,67,14
64,48,59,32,17
65,,50,35,14
66,48,,32,12
67,62,31,50,8
68,62,31,47,8
69,63,24,56,6
70,63,40,55,11
71,63,42,45,12
72,63,37,48,10
73,64,32,48,9
74,64,38,59,10
75,65,4,55,1
76,65,72,37,22
77,65,32,60,9
78,65,56,22,16
79,67,16,55,4
80,67,84,31,25
81,67,4,48,1
82,67,83,59,25
83,68,8,58,2
84,68,82,22,25
85,69,11,48,3
86,69,76,39,22
87,70,14,67,4
88,70,84,26,25
89,71,15,52,4
90,71,82,30,25
91,71,9,56,2
92,71,79,29,24
93,72,15,54,4
94,72,79,35,23
95,,35,53,
96,73,72,26,22
97,73,27,27,7
98,73,70,26,21
99,74,10,57,3
100,74,72,35,22
101,75,14,26,4
102,75,100,26,30
103,76,13,30,4
104,76,79,45,23
105,77,19,35,5
106,77,75,36,22
107,77,56,28,16
108,77,63,24,18
109,78,51,24,14
110,78,51,45,14
111,78,30,28,8
112,78,78,27,23
113,79,55,25,16
114,79,58,34,17
115,81,9,57,2
116,81,73,35,22
117,85,14,25,4
118,85,93,31,28
119,86,15,29,4
120,86,69,24,20
121,87,27,45,7
122,87,55,32,16
123,87,10,49,3
124,87,92,33,27
125,88,5,47,1
126,88,97,25,29
127,93,40,42,11
128,93,60,26,17
129,97,43,32,12
130,97,61,25,17
131,98,15,25,4
132,98,72,25,22
133,99,27,29,7
134,99,55,35,16
135,101,21,39,6
136,101,64,24,18
137,103,23,29,6
138,103,48,43,13
139,113,8,58,2
140,113,79,24,23
141,120,24,28,6
142,120,36,29,10
143,126,33,49,9
144,126,65,47,18
145,137,20,30,5
146,137,75,32,22
147,137,12,34,3
148,137,80,22,24
149,138,17,24,4
150,138,83,28,25
