passenger_class,sex,age,siblings_spouses,parents_children,fare,survived
3,male,22,1,0,7.25,0
1,female,38,1,0,71.2833,1
3,female,26,0,0,7.925,1
1,female,35,1,0,53.1,1
3,male,35,0,0,8.05,0
3,male,,0,0,8.4583,0
1,male,54,0,0,51.8625,0
3,male,2,3,1,21.075,0
3,female,27,0,2,11.1333,1
2,female,14,1,0,30.0708,1
3,female,4,1,1,16.7,1
1,female,58,0,0,26.55,1
3,male,20,0,0,8.05,0
2,male,39,0,0,13,0
1,male,31,1,0,52,0
3,female,,0,0,7.75,1
2,male,27,0,0,13,0
1,female,19,1,0,91.0792,1
3,male,40,0,0,7.8958,0
2,female,29,1,0,26,1