fixed_acidity,volatile_acidity,citric_acid,residual_sugar,chlorides,free_sulfur_dioxide,total_sulfur_dioxide,density,quality
7.4,0.70,0.00,1.9,0.076,11,34,0.9978,low
7.8,0.88,0.00,2.6,0.098,25,67,0.9968,low
7.8,0.76,0.04,2.3,0.092,15,54,0.9970,low
11.2,0.28,0.56,1.9,0.075,17,60,0.9980,high
7.4,0.70,0.00,1.9,0.076,11,34,0.9978,low
7.9,0.60,0.06,1.6,0.069,15,59,0.9964,medium
7.3,0.65,0.00,1.2,0.065,15,21,0.9946,medium
7.8,0.58,0.02,2.0,0.073,9,18,0.9968,medium
6.7,0.58,0.08,1.8,0.097,15,65,0.9959,low
8.1,0.42,0.08,1.7,0.068,16,31,0.9968,high
7.5,0.50,0.36,6.1,0.071,17,102,0.9978,medium
6.9,0.40,0.24,2.5,0.083,30,45,0.9959,high
7.6,0.39,0.31,2.3,0.082,23,71,0.9982,medium
7.3,0.47,0.00,1.6,0.076,24,71,0.9948,low
11.5,0.30,0.60,2.0,0.067,12,27,0.9981,high